Tarih,Test Sayisi,Toplam Hasta Sayisi,Toplam Olum Sayisi,Hastalarda Pnomoni Oranı,Agir hasta Sayisi,Toplam Iyilesen Hasta Sayisi,Bugunku Vaka Sayisi,Gunku Hasta Sayisi,Gunku Test Sayisi,Gunku Olum Sayisi,Gunku Iyılesen Hasta Sayisi
Jul 3,2021,61455218,5440368,49874,3,7,702,5310769,4537,478,218924
Jul 2,2021,61236294,5435831,49829,3,7,697,5305856,4891,461,223782
Jul 1,2021,61012512,5430940,49774,3,7,706,5300504,5288,462,225537
Jun 30,2021,60786975,5425652,49732,3,7,727,5294285,5496,522,228163
Jun 29,2021,60558812,5420156,49687,3,7,730,5287094,5846,510,229846
Jun 28,2021,60328966,5414310,49634,2,9,751,5280558,5283,431,223525
Jun 27,2021,60105441,5409027,49576,2,9,736,5275231,4883,390,215294
Jun 26,2021,59890147,5404144,49524,2,9,733,5269294,5266,470,222561
Jun 25,2021,59667586,5398878,49473,2,9,737,5261892,5630,477,222936
Jun 24,2021,59444650,5393248,49417,2,9,752,5254708,5703,498,223385
Jun 23,2021,59221265,5387545,49358,2,9,763,5248862,5809,550,224192
Jun 22,2021,58997073,5381736,49293,2,9,791,5242945,6143,565,223238
Jun 21,2021,58773835,5375593,49236,2,9,808,5237731,5294,429,221052
Jun 20,2021,58552783,5370299,49185,3,4,813,5232638,5091,409,213297
Jun 19,2021,58339486,5365208,49122,3,4,829,5228419,5480,494,215496
Jun 18,2021,58123990,5359728,49071,3,4,856,5224224,5575,497,224128
Jun 17,2021,57899862,5354153,49012,3,4,860,5219797,5904,509,225064
Jun 16,2021,57674798,5348249,48950,3,4,881,5215654,6221,548,227163
Jun 15,2021,57447635,5342028,48879,3,4,886,5211022,5955,532,223846
Jun 14,2021,57223789,5336073,48795,3,4,929,5206836,5626,428,219290
Jun 13,2021,57004499,5330447,48721,2,7,952,5202251,5012,454,214957
Jun 12,2021,56789542,5325435,48668,2,7,973,5198057,6076,503,218758
Jun 11,2021,56570784,5319359,48593,2,7,997,5192945,6261,561,224128
Jun 10,2021,56346656,5313098,48524,2,7,1009,5186728,6408,563,223320
Jun 9,2021,56123336,5306690,48428,2,7,1018,5179833,6454,558,224193
Jun 8,2021,55899143,5300236,48341,2,7,1044,5173186,6609,557,225527
Jun 7,2021,55673616,5293627,48255,2,7,1060,5167350,5647,495,218164
Jun 6,2021,55455452,5287980,48164,2,8,1096,5160774,5386,482,204827
Jun 5,2021,55250625,5282594,48068,2,8,1147,5154771,6126,542,216156
Jun 4,2021,55034469,5276468,47976,2,8,1183,5147610,6169,552,224681
Jun 3,2021,54809788,5270299,47882,2,8,1219,5139993,6602,563,222847
Jun 2,2021,54586941,5263697,47768,2,8,1213,5131453,7181,586,224150
Jun 1,2021,54362791,5256516,47656,2,8,1241,5124081,7112,602,223482
May 31,2021,54139309,5249404,47527,2,8,1339,5114624,6493,596,219461
May 30,2021,53919848,5242911,47405,3,1,1390,5105042,6933,582,218957
May 29,2021,53700891,5235978,47271,3,1,1391,5094279,7656,605,222613
May 28,2021,53478278,5228322,47134,3,1,1454,5083099,7773,656,220162
May 27,2021,53258116,5220549,46970,3,1,1504,5070815,8426,673,219465
May 26,2021,53038651,5212123,46787,3,1,1561,5057713,8738,681,221214
May 25,2021,52817437,5203385,46621,3,1,1667,5045508,9375,693,223104
May 24,2021,52594333,5194010,46446,3,1,1745,5034316,7523,702,216655
May 23,2021,52377678,5186487,46268,3,2,1843,5024313,7839,710,210291
May 22,2021,52167387,5178648,46071,3,2,1876,5013111,8697,835,216658
May 21,2021,51950729,5169951,45840,3,2,1977,4998639,9528,846,218846
May 20,2021,51731883,5160423,45626,3,2,2041,4989787,9385,856,219192
May 19,2021,51512691,5151038,45419,3,2,2162,4980516,11553,902,218683
May 18,2021,51294008,5139485,45186,3,2,2232,4971245,11937,916,217276
May 17,2021,51076732,5127548,44983,3,2,2326,4961120,10174,923,206836
May 16,2021,50869896,5117374,44760,4,2468,4947256,10512,920,202243,223
May 15,2021,50667653,5106862,44537,4,2563,4932838,11472,1084,204637,236
May 14,2021,50463016,5095390,44301,4,2670,4894024,11394,1102,203073,242
May 13,2021,50259943,5083996,44059,4,2765,4856763,11534,1217,201295,238
May 12,2021,50058648,5072462,43821,4,2827,4801291,13029,1496,228192,232
May 11,2021,49830456,5059433,43589,4,2975,4766124,14497,1582,226452,278
May 10,2021,49604004,5044936,43311,4,2983,4743871,13604,1734,213863,282
May 9,2021,49390141,5031332,43029,3,2,3081,4716918,15191,2102,197468
May 8,2021,49192673,5016141,42746,3,2,3175,4691224,18052,2178,228873
May 7,2021,48963800,4998089,42465,3,2,3260,4662328,20107,2210,251194
May 6,2021,48712606,4977982,42187,3,2,3378,4626799,22388,2401,253382
May 5,2021,48459224,4955594,41883,3,2,3418,4589501,26476,2414,229491
May 4,2021,48229733,4929118,41527,3,2,3452,4554037,28997,2483,241747
May 3,2021,47987986,4900121,41191,3,2,3438,4515819,24733,2501,243648
May 2,2021,47744338,4875388,40844,2,4,3532,4480381,25980,2587,240145
May 1,2021,47504193,4849408,40504,2,4,3525,4405199,28817,2615,242194
Apr 30,2021,47261999,4820591,40131,2,4,3534,4323897,31891,2673,265287
Apr 29,2021,46996712,4788700,39737,2,4,3581,4255714,37674,2715,278108
Apr 28,2021,46718604,4751026,39398,2,4,3558,4212461,40444,2728,283261
Apr 27,2021,46435343,4710582,39057,2,4,3549,4167263,43301,2703,282192
Apr 26,2021,46153151,4667281,38711,2,4,3563,4121671,37312,2716,268893
Apr 25,2021,45884258,4629969,38358,2,9,3590,4073644,38553,2801,260280
Apr 24,2021,45623978,4591416,38011,2,9,3511,4022408,40596,2905,281183
Apr 23,2021,45342795,4550820,37672,2,9,3475,3970111,49438,3089,302091
Apr 22,2021,45040704,4501382,37329,2,9,3463,3909935,54791,3128,312109
Apr 21,2021,44728595,4446591,36975,2,9,3398,3844342,61967,2932,318839
Apr 20,2021,44409756,4384624,36613,2,9,3375,3792129,61028,2895,322128
Apr 19,2021,44087628,4323596,36267,2,9,3319,3736537,55149,2862,318869
Apr 18,2021,43768759,4268447,35926,3,3,3275,3687590,55802,3101,301243
Apr 17,2021,43467516,4212645,35608,3,3,3240,3643734,62606,2973,319316
Apr 16,2021,43148200,4150039,35320,3,3,3205,3591550,63082,2915,320078
Apr 15,2021,42828122,4086957,35031,3,3,3080,3535040,61400,2845,318217
Apr 14,2021,42509905,4025557,34734,3,3,3018,3480146,62797,2802,310420
Apr 13,2021,42199485,3962760,34455,3,3,2951,3424733,59187,2723,306563
Apr 12,2021,41892922,3903573,34182,3,3,2891,3372629,54562,2671,301068
Apr 11,2021,41591854,3849011,33939,3,1,2824,3331411,50678,2548,294274
Apr 10,2021,41297580,3798333,33702,3,1,2739,3301217,52676,2497,302735
Apr 9,2021,40994845,3745657,33454,3,1,2658,3268678,55791,2408,305103
Apr 8,2021,40689742,3689866,33201,3,1,2615,3232892,55941,2316,304492
Apr 7,2021,40385250,3633925,32943,3,1,2604,3194978,54740,2203,302108
Apr 6,2021,40083142,3579185,32667,3,1,2477,3159475,49584,2003,271547
Apr 5,2021,39811595,3529601,32456,3,1,2407,3130977,42551,1706,245496
Apr 4,2021,39566099,3487050,32263,3,6,2311,3105350,41998,1508,246210
Apr 3,2021,39319889,3445052,32078,3,6,2231,3082676,44756,1483,249126
Apr 2,2021,39070763,3400296,31892,3,6,2182,3059462,42308,1471,248968
Apr 1,2021,38821795,3357988,31713,3,6,2135,3035043,40806,1424,243738
Mar 31,2021,38578057,3317182,31537,3,6,2082,3014226,39302,1401,240012
Mar 30,2021,38338045,3277880,31385,3,6,2054,2995033,37303,1376,235298
Mar 29,2021,38102747,3240577,31230,3,6,1998,2975108,32404,1325,225511
Mar 28,2021,37877236,3208173,31076,4,2,1968,2957093,29058,1305,220109
Mar 27,2021,37657127,3179115,30923,4,2,1886,2939929,30021,1281,223214
Mar 26,2021,37433913,3149094,30772,4,2,1810,2921037,29081,1253,220985
Mar 25,2021,37212928,3120013,30619,4,2,1790,2900829,28731,1210,222753
Mar 24,2021,36990175,3091282,30462,4,2,1720,2881643,29762,1142,221738
Mar 23,2021,36768437,3061520,30316,4,2,1710,2863882,26182,1006,211848
Mar 22,2021,36556589,3035338,30178,4,2,1644,2844681,22216,981,201215
Mar 21,2021,36355374,3013122,30061,3,2,1568,2825187,20428,965,189906
Mar 20,2021,36165468,2992694,29959,3,2,1538,2807572,21061,958,190129
Mar 19,2021,35975339,2971633,29864,3,2,1547,2788757,21030,934,187859
Mar 18,2021,35787480,2950603,29777,3,2,1503,2770638,20049,902,184452
Mar 17,2021,35603028,2930554,29696,3,2,1484,2752023,18912,869,167526
Mar 16,2021,35435502,2911642,29623,3,2,1474,2734862,16749,874,158386
Mar 15,2021,35277116,2894893,29552,3,2,1425,2716969,15503,858,151113
Mar 14,2021,35126003,2879390,29489,3,8,1392,2701076,13378,852,132425
Mar 13,2021,34993578,2866012,29421,3,8,1350,2685560,15082,841,150098
Mar 12,2021,34843480,2850930,29356,3,8,1349,2670273,14941,834,148856
Mar 11,2021,34694624,2835989,29290,3,8,1310,2659093,14046,821,146386
Mar 10,2021,34548238,2821943,29227,3,8,1309,2649862,14556,814,145130
Mar 9,2021,34403108,2807387,29160,3,8,1289,2640669,13755,801,140828
Mar 8,2021,34262280,2793632,29094,3,8,1239,2632030,13215,767,139429
Mar 7,2021,34122851,2780417,29030,3,6,1261,2623924,11187,735,129299
Mar 6,2021,33993552,2769230,28965,3,6,1230,2616139,11770,702,138592
Mar 5,2021,33854960,2757460,28901,3,6,1232,2608848,11302,698,138214
Mar 4,2021,33716746,2746158,28839,3,6,1220,2601137,11322,685,137885
Mar 3,2021,33578861,2734836,28771,3,6,1224,2593264,11520,689,138018
Mar 2,2021,33440843,2723316,28706,3,6,1227,2586073,11837,668,135291
Mar 1,2021,33305552,2711479,28638,3,6,1215,2578181,9891,645,130536
Feb 28,2021,33175016,2701588,28569,4,2,1191,2572234,8424,610,109639
Feb 27,2021,33065377,2693164,28503,4,2,1187,2565723,9193,621,125716
Feb 26,2021,32939661,2683971,28432,4,2,1195,2556785,9205,649,128387
Feb 25,2021,32811274,2674766,28358,4,2,1192,2546503,9572,658,126527
Feb 24,2021,32684747,2665194,28285,4,2,1200,2540293,9561,660,124015
Feb 23,2021,32560732,2655633,28213,4,2,1185,2534996,9107,633,123734
Feb 22,2021,32436998,2646526,28138,4,2,1189,2529450,8104,623,118816
Feb 21,2021,32318182,2638422,28060,3,6,1185,2523760,6546,601,101105
Feb 20,2021,32217077,2631876,27983,3,6,1180,2518758,7857,635,118911
Feb 19,2021,32098166,2624019,27903,3,6,1185,2511548,7419,638,116674
Feb 18,2021,31981492,2616600,27821,3,6,1187,2504050,7241,640,115406
Feb 17,2021,31866086,2609359,27738,3,6,1193,2496833,7325,649,117121
Feb 16,2021,31748965,2602034,27652,3,6,1201,2489624,7906,658,115794
Feb 15,2021,31633171,2594128,27562,3,6,1232,2482435,7945,660,116452
Feb 14,2021,31516719,2586183,27471,3,7,1230,2475329,6287,666,104108
Feb 13,2021,31412611,2579896,27377,3,7,1235,2468419,7706,671,123305
Feb 12,2021,31289306,2572190,27284,3,7,1250,2461204,7763,667,129630
Feb 11,2021,31159676,2564427,27187,3,7,1256,2453096,7590,660,130313
Feb 10,2021,31029363,2556837,27093,3,7,1308,2445285,8642,664,135867
Feb 9,2021,30893496,2548195,26998,3,7,1310,2437382,8636,659,137712
Feb 8,2021,30755784,2539559,26900,3,7,1310,2429273,8103,632,139378
Feb 7,2021,30616406,2531456,26797,4,9,1317,2420706,6670,623,129715
Feb 6,2021,30486691,2524786,26685,4,9,1337,2412505,7897,618,137649
Feb 5,2021,30349042,2516889,26577,4,9,1423,2404416,7901,620,142538
Feb 4,2021,30206504,2508988,26467,4,9,1501,2396199,7909,627,145067
Feb 3,2021,30061437,2501079,26354,4,9,1523,2387384,8102,632,148192
Feb 2,2021,29913245,2492977,26237,4,9,1592,2379070,7795,630,140120
Feb 1,2021,29773125,2485182,26117,4,9,1615,2370431,7719,636,141703
Jan 31,2021,29631422,2477463,25993,4,7,1634,2362415,6562,641,136418
Jan 30,2021,29495004,2470901,25865,4,7,1692,2355409,6871,658,148785
Jan 29,2021,29346219,2464030,25736,4,7,1740,2348309,6912,664,165094
Jan 28,2021,29181125,2457118,25605,4,7,1751,2340216,7279,670,173210
Jan 27,2021,29007915,2449839,25476,4,7,1765,2331314,7489,675,179419
Jan 26,2021,28828496,2442350,25344,4,7,1791,2322511,7103,681,180303
Jan 25,2021,28648193,2435247,25210,4,7,1808,2314403,5642,671,151109
Jan 24,2021,28497084,2429605,25073,5,1,1905,2307721,5277,684,148425
Jan 23,2021,28348659,2424328,24933,5,1,1962,2301861,5856,723,152758
Jan 22,2021,28195901,2418472,24789,5,1,2003,2296050,5967,734,163342
Jan 21,2021,28032559,2412505,24640,5,1,2074,2290032,6289,743,165109
Jan 20,2021,27867450,2406216,24487,5,1,2102,2283919,6435,752,168894
Jan 19,2021,27698556,2399781,24328,5,1,2162,2277987,6818,761,175133
Jan 18,2021,27523423,2392963,24161,5,1,2183,2270769,5862,749,151342
Jan 17,2021,27372081,2387101,23997,4,5,2201,2262864,6436,803,148636
Jan 16,2021,27223445,2380665,23832,4,5,2265,2254052,7550,902,156792
Jan 15,2021,27066653,2373115,23664,4,5,2311,2246047,8314,921,167211
Jan 14,2021,26899442,2364801,23495,4,5,2512,2236938,8962,958,169847
Jan 13,2021,26729595,2355839,23325,4,5,2652,2227927,9554,971,173603
Jan 12,2021,26555992,2346285,23152,4,5,2701,2218464,9809,983,179208
Jan 11,2021,26376784,2336476,22981,4,5,2783,2208451,10220,1003,180303
Jan 10,2021,26196481,2326256,22807,4,3,2811,2198150,9138,1017,162786
Jan 9,2021,26033695,2317118,22631,4,3,2903,2190047,9537,1103,168289
Jan 8,2021,25865406,2307581,22450,4,3,3094,2182145,11479,1291,184193
Jan 7,2021,25681213,2296102,22264,4,3,3201,2172251,12171,1370,183003
Jan 6,2021,25498210,2283931,22070,4,3,3303,2164040,13830,1458,182645
Jan 5,2021,25315565,2270101,21879,4,3,3410,2155338,14494,1477,183413
Jan 4,2021,25132152,2255607,21685,4,3,3522,2146430,13695,1508,181323
Jan 3,2021,24950829,2241912,21488,3,8,3612,2136534,9877,1515,138941
Jan 2,2021,24811888,2232035,21295,3,8,3764,2126432,11180,1713,149218
Jan 1,2021,24662670,2220855,21093,3,8,3891,2114760,12203,1908,158103
Dec 31,2020,24504567,2208652,20881,3,8,3918,2100650,14380,2219,178217
Dec 30,2020,24326350,2194272,20642,3,8,4098,2078629,15692,2612,184415
Dec 29,2020,24141935,2178580,20388,3,8,4191,2058437,15805,2783,183117
Dec 28,2020,23958818,2162775,20135,3,8,4251,2037433,15197,2816,180892
Dec 27,2020,23777926,2147578,19878,4,1,4309,2015230,14205,2806,172113
Dec 26,2020,23605813,2133373,19624,4,1,4501,1994034,15118,3002,178872
Dec 25,2020,23426941,2118255,19371,4,1,4702,1970803,17543,3199,201104
Dec 24,2020,23225837,2100712,19115,4,1,4805,1935292,18102,3218,195675
Dec 23,2020,23030162,2082610,18861,4,1,4901,1901307,19650,3192,202209
Dec 22,2020,22827953,2062960,18602,4,1,5008,1866815,19256,3309,192316
Dec 21,2020,22635637,2043704,18351,4,1,5192,1834705,19103,3412,196110
Dec 20,2020,22439527,2024601,18097,2,9,5347,1800286,20316,3546,158892
Dec 19,2020,22280635,2004285,17851,2,9,5501,1779068,22195,4002,173132
Dec 18,2020,22107503,1982090,17610,2,9,5707,1753552,26410,4103,205809
Dec 17,2020,21901694,1955680,17364,2,9,5803,1721607,27515,4209,206102
Dec 16,2020,21695592,1928165,17121,2,9,5960,1691113,29718,4893,205397
Dec 15,2020,21490195,1898447,16881,2,9,5988,1661191,32102,5105,206190
Dec 14,2020,21284005,1866345,16646,2,9,5980,1631944,29617,5064,204289
Dec 13,2020,21079716,1836728,16417,3,1,5973,1603780,26919,5103,181199
Dec 12,2020,20898517,1809809,16199,3,1,5961,1581565,29136,5203,189065
Dec 11,2020,20709452,1780673,15977,3,1,5952,458109,32106,5607,208873
Dec 10,2020,20500579,1748567,15751,3,1,5943,452593,30424,5918,206202
Dec 9,2020,20294377,558517,15531,3,1,5901,447361,31712,6213,204411
Dec 8,2020,20089966,552304,15314,3,1,5882,441515,33198,6593,201219
Dec 7,2020,19888747,545711,15103,3,1,5836,436270,32137,6420,196902
Dec 6,2020,19691845,539291,14900,3,3,5805,431253,30402,6093,174761
Dec 5,2020,19517084,533198,14705,3,3,5800,427242,31896,6128,178903
Dec 4,2020,19338181,527070,14509,3,3,5703,423142,32736,6903,194435
Dec 3,2020,19143746,520167,14316,3,3,5611,418331,32381,6511,187518
Dec 2,2020,18956228,513656,14129,3,3,5502,414141,31923,6690,183624
Dec 1,2020,18772604,506966,13936,3,3,5303,409320,30110,6101,180312
Nov 30,2020,18592292,500865,13746,3,4,5190,404727,31219,6514,176656
Nov 29,2020,18415636,494351,13558,3,4,5011,400242,29281,6439,168212
Nov 28,2020,18247424,487912,13373,3,4,4903,396227,30103,6714,174443
Nov 27,2020,18072981,481198,13191,3,4,4816,392616,29845,6592,171113
Nov 26,2020,17901868,474606,13014,3,4,4711,388771,29132,6876,168348
Nov 25,2020,17733520,467730,12840,3,4,4641,385480,28351,6814,164547
Nov 24,2020,17568973,460916,12672,3,4,4543,381569,,7381,162231
Nov 23,2020,17406742,453535,12511,3,4,4409,377891,,6713,161125
Nov 22,2020,17245617,446822,12358,3,8,4217,374637,,6017,155516
Nov 21,2020,17090101,440805,12219,3,8,4121,370825,,5532,152214
Nov 20,2020,16937887,435273,12084,3,8,3990,367592,,5103,156642
Nov 19,2020,16781245,430170,11943,3,8,3850,364573,,4542,157756
Nov 18,2020,16623489,425628,11820,3,8,3742,361655,,4215,158811
Nov 17,2020,16464678,421413,11704,3,8,3657,359063,,3819,156692
Nov 16,2020,16307986,417594,11601,3,8,3610,356375,,3316,151516
Nov 15,2020,16156470,414278,11507,4,2,3439,353663,,3223,142496
Nov 14,2020,16013974,411055,11418,4,2,3423,351102,,3116,150141
Nov 13,2020,15863833,407939,11326,4,2,3356,348804,,3045,149942
Nov 12,2020,15713891,404894,11233,4,2,3230,346794,,2841,148482
Nov 11,2020,15565409,402053,11145,4,2,3095,344613,,2693,145989
Nov 10,2020,15419420,399360,11059,4,2,3001,342501,,2529,146198
Nov 9,2020,15273222,396831,10972,4,2,2867,340286,,2576,145411
Nov 8,2020,15127811,394255,10887,4,7,2740,338239,,2516,141944
Nov 7,2020,14985867,391739,10803,4,7,2730,336221,,2483,139675
Nov 6,2020,14846192,389256,10722,4,7,2654,334293,,2436,145241
Nov 5,2020,14700951,386820,10639,4,7,2564,332379,,2311,146028
Nov 4,2020,14554923,384509,10558,4,7,2464,330665,,2391,144416
Nov 3,2020,14410507,382118,10481,4,7,2386,328824,,2343,146247
Nov 2,2020,14264260,379775,10402,4,7,2341,327007,,2302,139103
Nov 1,2020,14125157,377473,10326,5.0,2177,325486,,2106,123343,74
Oct 31,2020,14001814,375367,10252,5.0,2075,323971,,2213,124109,75
Oct 30,2020,13877705,373154,10177,5.0,1966,322465,,2322,136525,78
Oct 29,2020,13741180,370832,10099,5.0,1916,320762,,2319,134416,72
Oct 28,2020,13606764,368513,10027,5.0,1836,319181,,2305,128312,77
Oct 27,2020,13478452,366208,9950,5.0,1827,317519,,2209,127651,76
Oct 26,2020,13350801,363999,9874,5.0,1780,316008,,2198,132913,75
Oct 25,2020,13217888,361801,9799,5,6,1744,314390,,2017,112215
Oct 24,2020,13105673,359784,9727,5,6,1699,313093,,2091,113427
Oct 23,2020,12992246,357693,9658,5,6,1648,311520,,2165,115979
Oct 22,2020,12876267,355528,9584,5,6,1599,310027,,2102,117198
Oct 21,2020,12759069,353426,9513,5,6,1504,308446,,2013,117943
Oct 20,2020,12641126,351413,9445,5,6,1545,306939,,1894,116565
Oct 19,2020,12524561,349519,9371,5,6,1447,305427,,2026,116249
Oct 18,2020,12408312,347493,9296,5,9,1427,304003,,1815,101403
Oct 17,2020,12306909,345678,9224,5,9,1428,302499,,1723,112131
Oct 16,2020,12194778,343955,9153,5,9,1445,301098,,1812,117005
Oct 15,2020,12077773,342143,9080,5,9,1408,299679,,1693,116103
Oct 14,2020,11961670,340450,9014,5,9,1418,298368,,1671,115328
Oct 13,2020,11846342,338779,8957,5,9,1416,296972,,1632,114992
Oct 12,2020,11731350,337147,8895,5,9,1417,295658,,1614,115605
Oct 11,2020,11615745,335533,8837,6,2,1411,294357,,1502,109301
Oct 10,2020,11506444,334031,8778,6,2,1414,293145,,1649,113102
Oct 9,2020,11393342,332382,8722,6,2,1398,291754,,1629,115295
Oct 8,2020,11278047,330753,8667,6,2,1403,290352,,1615,117101
Oct 7,2020,11160946,329138,8609,6,2,1411,288954,,1581,116608
Oct 6,2020,11044338,327557,8553,6,2,1414,287599,,1511,112421
Oct 5,2020,10931917,326046,8498,6,2,1412,286370,,1603,115632
Oct 4,2020,10816285,324443,8441,6,4,1475,285050,,1429,104402
Oct 3,2020,10711883,323014,8384,6,4,1470,283868,,1502,103219
Oct 2,2020,10608664,321512,8325,6,4,1455,282657,,1442,114857
Oct 1,2020,10493807,320070,8262,6,4,1507,281151,,1407,113546
Sep 30,2020,10380261,318663,8195,6,4,1516,279749,,1391,112098
Sep 29,2020,10268163,317272,8130,6,5,1583,278504,,1427,114940
Sep 28,2020,10153223,315845,8062,6,5,1596,277052,,1412,115523
Sep 27,2020,10037700,314433,7997,6,5,1583,275630,,1467,101119
Sep 26,2020,9936581,312966,7929,6,6,1615,274514,,1511,102009
Sep 25,2020,9834572,311455,7858,6,6,1601,273282,,1665,112885
Sep 24,2020,9721687,309790,7785,6,6,1573,271964,,1721,113317
Sep 23,2020,9608370,308069,7711,6,7,1561,270723,,1767,112102
Sep 22,2020,9496268,306302,7639,6,7,1522,269696,,1692,114311
Sep 21,2020,9381957,304610,7574,6,8,1491,268435,,1743,112942
Sep 20,2020,9269015,302867,7506,7.0,1456,267233,,1519,95321,61
Sep 19,2020,9173694,301348,7445,7.0,1432,266117,,1538,97416,68
Sep 18,2020,9076278,299810,7377,7,1,1402,264805,,1771,111113
Sep 17,2020,8965165,298039,7315,7,1,1372,263745,,1648,109985
Sep 16,2020,8855180,296391,7249,7,1,1351,262602,,1771,112645
Sep 15,2020,8742535,294620,7186,7,1,1327,261260,,1742,110412
Sep 14,2020,8632123,292878,7119,7,1,1301,260058,,1716,112563
Sep 13,2020,8519560,291162,7056,7,2,1267,258833,,1527,96097
Sep 12,2020,8423463,289635,6999,7,2,1241,257731,,1509,98326
Sep 11,2020,8325137,288126,6951,7,3,1223,256524,,1671,112213
Sep 10,2020,8212924,286455,6895,7,3,1209,255407,,1512,107702
Sep 9,2020,8105222,284943,6837,7,4,1181,254188,,1673,111193
Sep 8,2020,7994029,283270,6782,7,5,1159,253245,,1761,110565
Sep 7,2020,7883464,281509,6730,7,6,1118,252152,,1703,103925
Sep 6,2020,7779539,279806,6673,7,6,1102,251105,,1578,96842
Sep 5,2020,7682697,278228,6620,7,5,1091,250092,,1673,99497
Sep 4,2020,7583200,276555,6564,7,5,1076,249108,,1612,117113
Sep 3,2020,7466087,274943,6511,7,6,1041,248087,,1642,110225
Sep 2,2020,7355862,273301,6462,7,6,1017,246876,,1596,107927
Sep 1,2020,7247935,271705,6417,7,6,991,245929,,1572,109443
Aug 31,2020,7138492,270133,6370,7,5,961,244926,,1587,110102
Aug 30,2020,7028390,268546,6326,7,5,945,243839,,1482,91302
Aug 29,2020,6937088,267064,6284,7,4,917,242812,,1549,101414
Aug 28,2020,6835674,265515,6245,7,4,896,241809,,1517,107814
Aug 27,2020,6727860,263998,6209,7,3,862,240792,,1491,106111
Aug 26,2020,6621749,262507,6183,7,4,841,239797,,1313,100109
Aug 25,2020,6521640,261194,6163,7,4,811,238795,,1502,98231
Aug 24,2020,6423409,259692,6139,7,4,796,237908,,1443,95943
Aug 23,2020,6327466,258249,6121,7,5,783,237165,,1217,80302
Aug 22,2020,6247164,257032,6102,7,4,762,236370,,1309,93007
Aug 21,2020,6154157,255723,6080,7,3,749,235569,,1203,92227
Aug 20,2020,6061930,254520,6058,7,3,735,234797,,1412,92301
Aug 19,2020,5969629,253108,6039,7,4,719,233915,,1303,87223
Aug 18,2020,5882406,251805,6016,7,5,703,232913,,1263,82318
Aug 17,2020,5800088,250542,5996,7,5,686,231971,,1233,74846
Aug 16,2020,5725242,249309,5974,7,6,679,230969,,1192,65956
Aug 15,2020,5659286,248117,5955,7,6,668,229972,,1256,67214
Aug 14,2020,5592072,246861,5934,7,8,656,228980,,1226,70192
Aug 13,2020,5521880,245635,5912,7,9,647,228057,,1243,66892
Aug 12,2020,5454988,244392,5891,8,2,632,227089,,1212,67237
Aug 11,2020,5387751,243180,5873,8,2,617,226155,,1183,61716
Aug 10,2020,5326035,241997,5858,8,2,603,224970,,1193,62219
Aug 9,2020,5263816,240804,5844,8,1,596,223759,,1182,61446
Aug 8,2020,5202370,239622,5829,8,1,587,222656,,1172,63842
Aug 7,2020,5138528,238450,5813,8,3,586,221574,,1185,56726
Aug 6,2020,5081802,237265,5798,8,3,580,220546,,1153,54494
Aug 5,2020,5027308,236112,5784,8,4,582,219506,,1178,53842
Aug 4,2020,4973466,234934,5765,8,5,583,218491,,1083,46249
Aug 3,2020,4927217,233851,5747,8,4,580,217497,,995,41301
Aug 2,2020,4885916,232856,5728,8,5,582,216494,,987,40247
Aug 1,2020,4845669,231869,5710,8,7,586,215516,,996,44846
Jul 31,2020,4800823,230873,5691,8,8,582,214535,,982,46492
Jul 30,2020,4754331,229891,5674,9,3,561,213539,,967,43236
Jul 29,2020,4711095,228924,5659,9,4,542,212557,,942,45712
Jul 28,2020,4665383,227982,5645,,,211561,,963,47412,15
Jul 27,2020,4617971,227019,5630,,,210469,,919,45283,17
Jul 26,2020,4572688,226100,5613,,,209487,,927,40016,17
Jul 25,2020,4532672,225173,5596,,,208477,,921,43312,16
Jul 24,2020,4489360,224252,5580,,,207374,,937,42986,17
Jul 23,2020,4446374,223315,5563,,,206365,,913,43343,18
Jul 22,2020,4403031,222402,5545,,,205214,,902,43404,19
Jul 21,2020,4359627,221500,5526,,,204011,,928,42846,18
Jul 20,2020,4316781,220572,5508,,,203002,,931,43404,17
Jul 19,2020,4273377,219641,5491,,,202010,,924,41310,16
Jul 18,2020,4232067,218717,5475,,,201013,,918,40943,17
Jul 17,2020,4191124,217799,5458,,,199834,,926,41215,18
Jul 16,2020,4149909,216873,5440,,,198820,,933,42411,21
Jul 15,2020,4107498,215940,5419,,,197733,,947,42320,17
Jul 14,2020,4065178,214993,5402,,,196720,,992,43231,20
Jul 13,2020,4021947,214001,5382,,,195671,,1008,46492,19
Jul 12,2020,3975455,212993,5363,,,194515,,1012,45232,19
Jul 11,2020,3930223,211981,5344,,,193217,,1016,48813,21
Jul 10,2020,3881410,210965,5323,,,191883,,1003,48787,23
Jul 9,2020,3832623,209962,5300,,,190390,,1024,50103,18
Jul 8,2020,3782520,208938,5282,,,187511,,1041,49302,22
Jul 7,2020,3733218,207897,5260,,,185292,,1053,50545,19
Jul 6,2020,3682673,206844,5241,,,182995,,1086,52193,16
Jul 5,2020,3630480,205758,5225,,,180680,,1148,46414,19
Jul 4,2020,3584066,204610,5206,,,179492,,1154,48248,20
Jul 3,2020,3535818,203456,5186,,,178278,,1172,52141,19
Jul 2,2020,3483677,202284,5167,,,176965,,1186,49714,17
Jul 1,2020,3433963,201098,5150,,,175422,,1192,52313,19
Jun 30,2020,3381650,199906,5131,,,173111,,1293,50492,16
Jun 29,2020,3331158,198613,5115,,,171809,,1374,51014,18
Jun 28,2020,3280144,197239,5097,,,170595,,1356,48309,15
Jun 27,2020,3231835,195883,5082,,,169182,,1372,45213,17
Jun 26,2020,3186622,194511,5065,,,167198,,1396,51198,19
Jun 25,2020,3135424,193115,5046,,,165706,,1458,52303,21
Jun 24,2020,3083121,191657,5025,,,164234,,1492,53486,24
Jun 23,2020,3029635,190165,5001,,,162848,,1268,42982,27
Jun 22,2020,2986653,188897,4974,,,161533,,1212,41413,24
Jun 21,2020,2945240,187685,4950,,,160240,,1192,40496,23
Jun 20,2020,2904744,186493,4927,,,158828,,1248,41112,22
Jun 19,2020,2863632,185245,4905,,,157516,,1214,41316,23
Jun 18,2020,2822316,184031,4882,,,156022,,1304,48412,21
Jun 17,2020,2773904,182727,4861,,,154640,,1429,52901,19
Jun 16,2020,2721003,181298,4842,,,153379,,1467,46800,17
Jun 15,2020,2674203,179831,4825,,,152364,,1592,42032,18
Jun 14,2020,2632171,178239,4807,,,151417,,1562,45176,15
Jun 13,2020,2586995,176677,4792,,,150087,,1459,45092,14
Jun 12,2020,2541903,175218,4778,,,149102,,1195,41013,15
Jun 11,2020,2500890,174023,4763,,,147860,,987,49190,17
Jun 10,2020,2451700,173036,4746,,,146839,,922,36521,17
Jun 9,2020,2415179,172114,4729,,,144598,,993,37225,18
Jun 8,2020,2377954,171121,4711,,,141380,,989,39361,19
Jun 7,2020,2338593,170132,4692,,,137969,,914,35335,23
Jun 6,2020,2303258,169218,4669,,,135322,,878,35846,21
Jun 5,2020,2267412,168340,4648,,,133400,,930,57829,18
Jun 4,2020,2209583,167410,4630,,,131778,,988,54234,21
Jun 3,2020,2155349,166422,4609,,,130852,,867,52305,24
Jun 2,2020,2103044,165555,4585,,,129921,,786,32325,22
Jun 1,2020,2070719,164769,4563,,,128947,,827,31525,23
May 31,2020,2039194,163942,4540,,,127973,,839,35600,25
May 30,2020,2003594,163103,4515,,,126984,,983,39230,26
May 29,2020,1964364,162120,4489,,,125963,,1141,36155,28
May 28,2020,1928209,160979,4461,,,124369,,1182,33559,30
May 27,2020,1894650,159797,4431,,,122793,,1035,21043,34
May 26,2020,1873607,158762,4397,,,121507,,948,19853,28
May 25,2020,1853754,157814,4369,,,120015,,987,21492,29
May 24,2020,1832262,156827,4340,,,118694,,1141,24589,32
May 23,2020,1807673,155686,4308,,,117602,,1186,40178,32
May 22,2020,1767495,154500,4276,,,116111,,952,37507,27
May 21,2020,1729988,153548,4249,,,114990,,961,33633,27
May 20,2020,1696355,152587,4222,,,113987,,972,20838,23
May 19,2020,1675517,151615,4199,,,112895,,1022,25382,28
May 18,2020,1650135,150593,4171,,,111577,,1158,25141,31
May 17,2020,1624994,149435,4140,,,109962,,1368,35369,44
May 16,2020,1589625,148067,4096,,,108137,,1610,42236,41
May 15,2020,1547389,146457,4055,,,106133,,1708,38565,48
May 14,2020,1508824,144749,4007,,,104030,,1635,34821,55
May 13,2020,1474003,143114,3952,,,101715,,1639,33332,58
May 12,2020,1440671,141475,3894,,,98889,,1704,37351,53
May 11,2020,1403320,139771,3841,,,95780,,1114,32722,55
May 10,2020,1370598,138657,3786,,,92691,,1542,36187,47
May 9,2020,1334411,137115,3739,,,89480,,1546,35605,50
May 8,2020,1298806,135569,3689,,,86396,,1848,33687,48
May 7,2020,1265119,133721,3641,,,82984,,1977,30395,57
May 6,2020,1234724,131744,3584,,,78202,,2253,30303,64
May 5,2020,1204421,129491,3520,,,73285,,1832,33283,59
May 4,2020,1171138,127659,3461,,,68166,,1614,35771,64
May 3,2020,1135367,126045,3397,,,63151,,1670,24001,61
May 2,2020,1111366,124375,3336,,,58259,,1983,36318,78
May 1,2020,1075048,122392,3258,,,53808,,2188,41431,84
Apr 30,2020,1033617,120204,3174,,,48886,,2615,42004,93
Apr 29,2020,991613,117589,3081,,,44040,,2936,43498,89
Apr 28,2020,948115,114653,2992,,,38809,,2392,29230,92
Apr 27,2020,918885,112261,2900,,,33791,,2131,20143,95
Apr 26,2020,898742,110130,2805,,,29140,,2357,30177,99
Apr 25,2020,868565,107773,2706,,,25582,,2861,38308,106
Apr 24,2020,830257,104912,2600,,,21737,,3122,38351,109
Apr 23,2020,791906,101790,2491,,,18491,,3116,40962,115
Apr 22,2020,750944,98674,2376,,,16477,,3083,37535,117
Apr 21,2020,713409,95591,2259,,,14918,,4611,39429,119
Apr 20,2020,673980,90980,2140,,,13430,,4674,39703,123
Apr 19,2020,634277,86306,2017,,,11976,,3977,35344,127
Apr 18,2020,598933,82329,1890,,,10453,,3783,40520,121
Apr 17,2020,558413,78546,1769,,,8631,,4353,40270,126
Apr 16,2020,518143,74193,1643,,,7089,,4801,40427,125
Apr 15,2020,477716,69392,1518,,,5674,,4281,34090,115
Apr 14,2020,443626,65111,1403,,,4799,,4062,33070,107
Apr 13,2020,410556,61049,1296,,,3957,,4093,34456,98
Apr 12,2020,376100,56956,1198,,,3446,,4789,35720,97
Apr 11,2020,340380,52167,1101,,,2965,,5138,33170,95
Apr 10,2020,307210,47029,1006,,,2423,,4747,30864,98
Apr 9,2020,276346,42282,908,,,2142,,4056,28578,96
Apr 8,2020,247768,38226,812,,,1846,,4117,24900,87
Apr 7,2020,222868,34109,725,,,1582,,3892,20023,76
Apr 6,2020,202845,30217,649,,,1326,,3148,21400,75
Apr 5,2020,181445,27069,574,,,1042,,3135,20065,73
Apr 4,2020,161380,23934,501,,,786,,3013,19664,76
Apr 3,2020,141716,20921,425,,,484,,2786,16160,69
Apr 2,2020,125556,18135,356,,,415,,2456,18757,79
Apr 1,2020,106799,15679,277,,,333,,2148,14396,63
Mar 31,2020,92403,13531,214,,,243,,2704,15422,46
Mar 30,2020,76981,10827,168,,,162,,1610,11535,37
Mar 29,2020,65446,9217,131,,,105,,1815,9982,23
Mar 28,2020,55464,7402,108,,,70,,1704,7641,16
Mar 27,2020,47823,5698,92,,,42,,2069,7533,17
Mar 26,2020,,3629,75,,,,,,,
Mar 25,2020,,2433,59,,,,,,,
Mar 24,2020,,1872,44,,,,,,,
Mar 23,2020,,1529,37,,,,,,,
Mar 22,2020,,1236,30,,,,,,,
Mar 21,2020,,947,21,,,,,,,
Mar 20,2020,,670,9,,,,,,,
Mar 19,2020,,359,4,,,,,,,
Mar 18,2020,,191,2,,,,,,,
Mar 17,2020,,98,1,,,,,,,
Mar 16,2020,,47,,,,,,,,
Mar 15,2020,,18,,,,,,,,
Mar 14,2020,,6,,,,,,,,
Mar 13,2020,,5,,,,,,,,
Mar 12,2020,,1,,,,,,,,
Mar 11,2020,,1,,,,,,,,
,,,,,,,,,,,
,,,,,,,,,,,
,,,,,,,,,,,
,,,,,,,,,,,
,,,,,,,,,,,
,,,,,,,,,,,
,,,,,,,,,,,
,,,,,,,,,,,
,,,,,,,,,,,
,,,,,,,,,,,
,,,,,,,,,,,
,,,,,,,,,,,
,,,,,,,,,,,
,,,,,,,,,,,
,,,,,,,,,,,
,,,,,,,,,,,
,,,,,,,,,,,
,,,,,,,,,,,
,,,,,,,,,,,
,,,,,,,,,,,
,,,,,,,,,,,
,,,,,,,,,,,
,,,,,,,,,,,
,,,,,,,,,,,
,,,,,,,,,,,
,,,,,,,,,,,
,,,,,,,,,,,
,,,,,,,,,,,
,,,,,,,,,,,
,,,,,,,,,,,
,,,,,,,,,,,
,,,,,,,,,,,
,,,,,,,,,,,
,,,,,,,,,,,
,,,,,,,,,,,
,,,,,,,,,,,
,,,,,,,,,,,
,,,,,,,,,,,
,,,,,,,,,,,
,,,,,,,,,,,
,,,,,,,,,,,
,,,,,,,,,,,
,,,,,,,,,,,
,,,,,,,,,,,
,,,,,,,,,,,
,,,,,,,,,226513,50,4152
,,,,,,,,,233946,66,5835
,,,,,,,,,234161,38,5490
,,,,,,,,,229582,35,5084
,,,,,,,,,232257,48,5103
,,,,,,,,,238867,43,5063
,,,,,,,,,234439,46,5162
,,,,,,,,,227273,49,5506
,,,,,,,,,222068,37,5242
,,,,,,,,,224184,37,5217
,,,,,,,,,228826,59,5126
,,,,,,,,,226427,48,5012
,,,,,,,,,225253,52,4636
,,,,,,,,,226651,37,4446
,,,,,,,,,219737,35,4735
,,,,,,,,404,216252,50,4161
,,,,,,,,478,218924,45,4913
,,,,,,,,461,223782,55,5352
,,,,,,,,462,225537,42,6219
,,,,,,,,522,228163,45,7191
,,,,,,,,510,229846,53,6536
,,,,,,,,431,223525,58,5327
,,,,,,,,390,215294,52,5937
,,,,,,,,470,222561,51,7402
,,,,,,,,477,222936,56,7184
,,,,,,,,498,223385,59,5846
,,,,,,,,550,224192,65,5917
,,,,,,,,565,223238,57,5214
,,,,,,,,429,221052,51,5093
,,,,,,,,409,213297,63,4219
,,,,,,,,494,215496,51,4195
,,,,,,,,497,224128,59,4427
,,,,,,,,509,225064,62,4143
,,,,,,,,548,227163,71,4632
,,,,,,,,532,223846,84,4186
,,,,,,,,428,219290,74,4585
